n-gram,Frequency
THE,3396
AND,1852
ING,1499
HER,1084
WAS,823
HAT,814
ERE,760
HIS,701
THA,689
YOU,651
ENT,576
VER,565
FOR,552
THI,517
SHE,507
TER,506
ALL,497
ITH,483
GHT,479
OME,473
WIT,467
OUT,455
HAD,420
HIN,397
TED,385
IGH,380
ONE,362
EVE,361
RED,341
INT,338
OVE,336
ION,335
HEN,317
ESS,314
HIM,310
HOU,309
GAT,298
BUT,288
UGH,287
OUS,285
UND,278
FRO,278
OOK,276
ATS,274
STA,266
AIN,266
WHE,265
EAR,264
RES,264
SBY,264
ANT,263
ROM,263
TSB,263
OUN,262
MEN,259
EST,258
AID,256
ARD,254
AVE,251
WER,249
NCE,247
MAN,246
ATE,246
SOM,244
REA,244
NED,244
TIO,244
ORE,241
SAI,239
AME,238
KED,237
OUG,233
NOW,232
OUR,232
HAN,231
OWN,228
IVE,227
WAY,219
ELL,219
TOM,219
USE,216
LOO,214
NDE,211
IDE,209
ROU,209
INE,206
STE,205
EEN,203
NTE,203
AIS,203
TLE,202
OUL,201
WHI,199
TIN,198
ULD,198
BLE,197
CON,197
COM,193
DER,193
ERS,193
OLD,192
OTH,191
HEA,190
UST,189
DAI,188
ISY,187
ARE,182
BOU,179
AST,179
DOW,178
NTO,177
SED,176
CAR,174
RIE,172
COU,172
IND,171
HAV,171
LIT,171
ABO,171
LON,171
NIN,169
HEY,169
ART,169
ORT,167
SEE,167
ONG,166
ATI,165
PER,165
ITE,165
ORD,165
NOT,164
NTI,164
CHA,164
LED,163
FTE,163
ICE,162
KIN,159
TUR,158
MIN,155
WHA,155
WHO,155
THO,155
ANY,154
ILL,154
OKE,153
EAT,152
STI,152
DED,152
TEN,152
ERY,152
LOW,151
TTE,150
ACK,149
TOO,148
IST,148
TLY,146
NEW,145
MOR,144
VEN,144
DEN,143
LIN,142
LLE,142
AFT,142
THR,142
OSE,141
AKE,141
LES,141
DID,140
TRA,140
RIN,139
GET,139
STO,137
EAD,137
IME,137
LIK,136
IKE,136
TIM,136
REE,136
WAR,136
LEA,135
ABL,134
SON,134
ATH,133
ITT,133
END,133
ACE,133
HED,133
TEL,133
ILE,132
PLE,130
PPE,130
WIL,129
KNO,129
IED,129
ELY,129
SHO,128
LLY,127
EAS,127
OIN,126
ONT,126
AIR,124
BAC,123
DIN,123
PRE,122
WIN,122
INS,122
STR,122
EME,121
TAN,121
CAM,119
NES,119
UCH,118
MED,118
SIN,117
TTL,117
EYE,117
ECT,116
PAR,116
SID,116
NGE,115
WOR,115
VED,115
DON,115
ICK,114
MET,114
YES,114
URN,113
CHE,113
LIG,113
ROO,112
INK,112
APP,111
CAL,111
RAN,110
ARR,110
WAN,110
RNE,110
OOM,110
NLY,109
BEE,108
ENE,108
ETH,108
ANC,108
JUS,107
URE,107
SEL,106
PLA,106
PEN,105
SSE,105
OST,104
GOT,104
FAC,103
ITY,102
TOR,102
OOR,102
ASS,102
AGE,101
UNT,101
DAN,101
ONS,100
ERI,100
ICH,100
FIN,100
RAI,100
MON,100
ICA,99
NTL,99
ROW,99
WEN,99
HIC,98
AWA,98
ADE,97
DRE,97
POR,97
RRI,97
ACH,96
TIL,96
LAN,96
TAR,96
REM,95
AGA,95
ANG,95
ARS,94
TIC,94
WEL,93
IRE,93
GRE,92
HEM,92
CAN,92
IDN,91
MIS,91
OCK,91
DAY,90
SHI,90
PED,90
BEF,90
EFO,90
HRO,89
NIG,89
GAI,88
GAR,88
ELF,87
RIG,87
OFF,87
ELI,87
RST,86
ENC,86
RAT,86
TOW,86
DIS,86
VIN,85
BRO,85
ALK,85
ILS,85
INC,84
OOD,84
SEN,84
FUL,84
HOW,84
ETT,84
OON,84
ERA,83
LAT,83
IES,83
UTE,83
SPE,83
ALO,83
EMA,83
IRS,83
LSO,82
ACT,82
MIL,82
ODY,82
OWE,82
GER,81
SSI,81
TAL,81
PRO,81
CHI,81
HAP,81
LAS,80
HAL,80
DOO,80
RDA,80
NEV,79
HES,79
SIT,79
SPO,79
TRE,79
MOM,79
DDE,79
HIL,79
CKE,79
QUI,78
OLL,78
CLO,78
LLO,78
TAI,77
JOR,77
NER,76
OPE,76
FOU,76
ELE,76
WOU,76
RIV,75
ORN,75
ERN,75
TWO,75
GOI,75
DRI,75
VOI,75
SUR,75
AYS,74
BEG,74
ROS,74
ARK,74
MAD,73
CES,73
MAR,73
HAR,73
SHA,73
NDS,73
EAL,72
SIO,72
ARO,72
LET,72
GIR,72
ATT,71
ALI,71
ISE,71
FIR,71
IRL,71
GRA,70
RSE,70
INU,70
SLY,70
LEN,70
OIC,70
IOU,69
PRI,69
RGE,69
NST,69
KNE,69
WAL,69
UNG,68
OPL,68
RET,68
ISS,68
EAC,68
MOV,68
ITS,67
COL,67
HOR,67
ULL,67
LAR,67
EET,67
NAM,66
NSI,66
RDE,66
AUS,65
TAK,65
ISH,65
EXC,65
POS,65
BOD,65
ASK,65
YEA,64
BER,64
EXP,64
REN,64
ARM,64
EMB,63
PEO,63
EOP,63
ESE,63
LIS,63
ONC,63
GLA,63
BEC,62
OND,62
IMP,62
TRI,62
ROA,62
EPT,62
OSS,62
TCH,62
EAN,61
HOS,61
ERT,61
ONL,61
MES,61
CRO,61
KER,61
MAT,60
URS,60
HEI,60
HEL,60
NDI,60
LOV,60
PEA,59
CAU,59
USI,59
SKE,59
GAN,59
WEE,59
TAT,59
ENI,59
EGA,59
CED,59
RNI,58
UAL,58
NIC,58
CTI,58
OLI,58
ECA,58
EEP,58
NGL,58
GRO,58
ORK,58
EIR,58
TAB,58
AUG,58
YIN,58
ITI,57
GES,57
INI,57
YTH,57
RTE,57
RAC,57
OWA,57
SAT,57
SAY,56
GED,56
NTR,56
TRO,56
SER,55
MOS,55
SOU,55
ORR,55
DES,55
GIN,55
CRE,54
OLE,54
EXT,54
BEA,54
NDO,54
DEA,53
NTS,53
POL,53
FEL,53
COR,53
IFE,53
CIT,53
NUT,53
REC,53
MME,53
MER,53
SOL,53
ANS,53
BEL,53
RCH,53
IBL,53
PAS,53
NTA,52
CUR,52
ORG,52
SAW,52
ESI,52
HIT,52
OMP,52
NOO,52
LOC,52
CAT,51
VEL,51
RIS,51
ILY,51
NGS,51
USL,51
LIE,51
WAI,51
LIC,51
LDN,51
FEE,50
RAL,50
IVI,50
FFE,50
ILI,50
INA,50
RAG,50
IEN,50
ASH,50
BRI,50
MUS,50
LAC,50
ALF,50
CRI,49
ORM,49
RTA,49
NAL,49
HOL,49
MOU,49
ARA,49
UDD,49
AIT,49
HOT,49
MAL,48
RRE,48
CEN,48
CER,48
IFT,48
LOS,48
AMI,48
HRE,48
LLI,48
NNE,48
PHO,48
HAI,48
TOL,47
MBE,47
RIO,47
ETE,47
ARI,47
PON,47
RAW,47
ALE,47
ITA,47
LIV,47
HON,47
RON,47
OES,47
NEX,47
VES,46
RIC,46
FLO,46
RTI,46
WES,46
UNC,46
LAY,46
EEM,46
OOL,46
ANE,46
ISI,46
BET,46
UES,46
SUD,46
SUP,45
AWN,45
TOP,45
DRO,45
AKI,45
SWE,45
WED,45
ENL,45
SOR,44
SES,44
REL,44
OWS,44
FIC,44
WHY,44
TRY,44
INN,44
BRE,44
TIE,44
TES,44
DAR,44
SMA,44
AGO,44
RNO,44
ANO,44
TTI,44
REP,43
ENS,43
SAN,43
PEC,43
EFT,43
LAU,43
QUE,42
UPP,42
AUT,42
CTE,42
YED,42
TOG,42
EGG,42
HOM,42
NCH,42
UTH,42
BAK,42
ROP,42
TRU,42
ASE,42
ERV,41
LKE,41
LEF,41
OPP,41
USH,41
FAI,41
HTE,40
OAT,40
BED,40
OAD,40
OLO,40
MPL,40
MOT,40
UPO,40
SIS,40
LOU,40
ASN,40
OLF,40
MEM,39
URI,39
ECE,39
LER,39
OMA,39
GLE,39
DLY,39
WOM,39
EAK,39
EAV,39
INV,39
RTY,39
OKI,39
PIN,39
ORC,39
BLI,39
MAK,39
MUR,39
SIL,39
GOO,39
HIE,39
BOR,38
TOU,38
NAN,38
FRI,38
MUC,38
PIC,38
ORL,37
HAS,37
ROK,37
STU,37
LIF,37
ARY,37
FAM,37
TWE,37
LLA,37
SUN,37
OTE,37
ANI,37
BLY,37
RTL,37
WON,37
TEP,37
LWA,36
MEA,36
ACC,36
GGE,36
CLE,36
RAS,36
SLO,36
AIL,36
NQU,36
FIV,36
KEE,36
QUA,35
VIL,35
GIV,35
TEM,35
FER,35
YOR,35
CEP,35
IMM,35
HEE,35
UIT,35
MPA,35
WOL,35
RLD,34
ALW,34
ILD,34
EMP,34
RRO,34
AYE,34
OGE,34
NIS,34
ERR,34
AMO,34
ORY,34
HUS,34
EEK,34
ABS,34
URR,34
SPI,34
GON,34
EEL,33
LEG,33
ONF,33
ELT,33
BOO,33
KEN,33
OMI,33
PPO,33
IAL,33
UTT,33
LIA,33
FOL,33
ENO,33
LVE,33
ANA,33
RUN,33
LDE,33
ADD,33
LOR,33
OTT,33
IAT,33
GUE,33
MSE,33
RIT,32
ICI,32
SIG,32
NIT,32
ONA,32
RRA,32
FFI,32
TON,32
SUM,32
EDI,32
SIC,32
ERH,32
SPA,32
HIR,32
OUC,32
OWL,32
AVI,32
LAI,32
INQ,32
SEV,32
BRA,32
IMS,32
LFS,32
FSH,32
IEM,32
NAT,31
SLE,31
REV,31
DEC,31
RCE,31
IRT,31
EAM,31
GEN,31
ANK,31
RUS,31
ULA,31
APE,31
IEV,31
DIA,31
ETI,31
LAD,31
APS,31
MRS,31
VAN,30
NOR,30
IGN,30
UGG,30
NCI,30
UNE,30
NVI,30
BAN,30
NEY,30
BES,30
ECO,30
WAT,30
BAR,30
ROV,30
EMO,30
DRA,30
UFF,30
DEM,30
ALM,30
LIP,30
RLY,30
ATC,30
ADY,30
STL,29
PAT,29
RTH,29
SUC,29
BUC,29
ECI,29
TEA,29
EED,29
SEA,29
CAS,29
ACR,29
DOE,29
URP,29
HUR,29
HUN,29
SEC,28
ORI,28
VIO,28
POI,28
FLA,28
MIG,28
LAW,28
NTH,28
MBL,28
ORS,28
RID,28
NSW,28
RYI,28
LUE,28
UIR,28
NEA,28
LUN,28
EIG,27
ZED,27
MPT,27
ROT,27
BUS,27
SPR,27
OVI,27
PUL,27
ISP,27
BLA,27
PAL,27
UMP,27
SLI,27
NYT,27
ISC,27
PUT,27
REW,27
SMI,27
AMP,27
OWD,27
RAB,26
GAV,26
OMM,26
TIV,26
IAN,26
VIT,26
IZE,26
IAR,26
FRA,26
SCO,26
MPE,26
RIL,26
CLA,26
HOO,26
NVE,26
ERF,26
BOT,26
CUL,26
LEP,26
JEC,26
RIB,26
RRY,26
BLU,26
PTE,26
YEL,26
ARG,26
EPS,26
FEW,25
FRE,25
ORA,25
RYT,25
ADI,25
CTU,25
OWI,25
HIG,25
SLA,25
RDS,25
POO,25
FOO,25
OOT,25
RWA,25
ANN,25
CIN,25
BLO,25
IPS,25
ODD,25
IFF,25
NGI,25
OMO,25
GOD,25
TIF,25
ECK,25
GLY,25
LKI,25
SSU,25
KET,25
FAR,25
MIC,25
ARL,25
RLS,25
NSE,24
LEE,24
DUC,24
OTO,24
BIL,24
DLE,24
PAI,24
NNI,24
SET,24
BUR,24
UMM,24
UMB,24
ETW,24
NOU,24
EPH,24
EIT,24
BJE,24
RPR,24
CKL,24
XCI,24
RKE,24
WIF,24
SUA,23
UIC,23
RSO,23
ERM,23
SUG,23
MID,23
DEL,23
DOG,23
ELP,23
ETS,23
RIA,23
FUS,23
LOT,23
COA,23
DEF,23
VIS,23
IPP,23
DIE,23
ENG,23
OTI,23
LMO,23
RMI,23
NOD,23
PTI,23
ADN,23
ROL,23
UTL,23
UED,23
XPL,23
CRA,23
SIB,23
DRU,23
MYR,23
YRT,23
MYS,23
RMA,22
EVI,22
INF,22
FUN,22
SIV,22
SCE,22
CHO,22
OSI,22
WEA,22
ONV,22
LEM,22
URA,22
PAN,22
RUG,22
OUB,22
CTO,22
HAU,22
RHA,22
OUP,22
HAE,22
AEL,22
UNI,21
RVE,21
EIN,21
LIZ,21
IMA,21
DAM,21
CEL,21
UCT,21
AFF,21
GEO,21
ESP,21
LOA,21
DGE,21
CID,21
RAV,21
OMS,21
FAS,21
ALT,21
ISL,21
SQU,21
SSA,21
EER,21
APA,21
UTS,21
UNN,21
RUP,21
LUT,21
WLY,21
BIG,21
URG,21
SUI,21
LUC,21
BEN,21
BIT,20
ICT,20
AGI,20
NDA,20
BOA,20
ROC,20
GLI,20
IFI,20
RDI,20
FIF,20
ONI,20
COO,20
SSL,20
NEI,20
OZE,20
ZEN,20
UME,20
GOL,20
NFU,20
LLS,20
XCE,20
TEE,20
ERL,20
CAG,20
GLO,20
EFF,20
IET,20
UPT,20
GHE,20
ELD,20
KLY,20
NDR,20
NEC,20
IGA,20
ITC,20
HTS,20
ATU,19
ALS,19
TSE,19
CCU,19
LEV,19
ELA,19
XPR,19
ARC,19
LIM,19
TUM,19
RAD,19
ARN,19
AUN,19
EES,19
DOZ,19
BAL,19
IRR,19
SCA,19
XPE,19
NOS,19
ELO,19
MAI,19
FLU,19
OAN,19
URM,19
PPI,19
CIS,19
ULT,19
TAY,19
BSO,19
UOU,19
EBO,19
UCK,19
ISA,19
ERG,19
HAM,19
NUE,19
EAU,19
SCR,19
AYI,19
BEH,19
EHI,19
TAC,18
NFI,18
UNS,18
RMS,18
EPE,18
FEC,18
MPR,18
REY,18
DUS,18
SUB,18
YBO,18
UTI,18
ASU,18
OLU,18
SIM,18
SWI,18
ULE,18
ERC,18
CLU,18
TWI,18
ADO,18
RMU,18
RAP,18
MEB,18
FFO,18
PIE,18
EGR,18
ESN,18
PAP,18
MAG,18
OFT,18
LDI,18
CEM,18
MCK,18
RTS,18
CIR,18
IRC,18
ADV,17
ZIN,17
DET,17
CUS,17
CIA,17
PPR,17
MIT,17
TUA,17
SAL,17
PRA,17
STS,17
NKI,17
TME,17
EWS,17
URC,17
EOR,17
ORW,17
DEE,17
BRU,17
TTY,17
VID,17
EDU,17
ARP,17
CIO,17
TIR,17
DOU,17
NEE,17
BOY,17
ASI,17
MIR,17
OUD,17
RGO,17
RME,17
ELU,17
YSE,17
EGE,16
BEI,16
UNK,16
OCC,16
HOP,16
NOB,16
IMI,16
CCE,16
EGI,16
GNI,16
RAR,16
UAR,16
ASO,16
OAR,16
WIS,16
URT,16
ERW,16
COV,16
SAM,16
EFI,16
TSI,16
OBJ,16
SCI,16
ISM,16
DIF,16
NNO,16
NCR,16
DUL,16
SAP,16
IOL,16
MAS,16
KEP,16
UIS,16
VAG,16
ALR,16
LRE,16
MOO,16
DOC,16
CTA,16
TIG,16
LAP,16
LUS,16
AZY,16
THS,16
KIL,16
EFU,16
COD,16
CIE,15
HUM,15
MPO,15
EDG,15
WNS,15
NDL,15
ISN,15
USB,15
SBA,15
CUT,15
RNA,15
LUD,15
UDI,15
DDI,15
RIP,15
FLI,15
FAL,15
ELS,15
VEM,15
PLY,15
DIM,15
NCO,15
RRU,15
UDE,15
ROD,15
CEA,15
LIB,15
GAS,15
WAV,15
KEY,15
EUR,15
RAZ,15
NEG,15
FAT,14
IEF,14
ADM,14
DMI,14
MAY,14
REG,14
FIE,14
DDL,14
UTO,14
BON,14
NTY,14
NEL,14
GHB,14
UNF,14
NFO,14
OKS,14
VAL,14
TIP,14
ALA,14
PLI,14
RIF,14
SKY,14
NNY,14
ESH,14
CEI,14
DIV,14
EVA,14
HRI,14
ESO,14
YON,14
EWH,14
EDE,14
ASA,14
IEC,14
OCE,14
YET,14
UBT,14
ONN,14
ROB,14
TIS,14
WDE,14
OCT,14
UPS,14
VAT,14
RVA,14
PIT,14
WIR,14
OXF,14
XFO,14
PAU,14
SUS,14
VIC,13
EQU,13
NCL,13
CLI,13
LAG,13
WET,13
IDD,13
GUI,13
LUM,13
ECU,13
HYS,13
YSI,13
ELV,13
RFU,13
FIG,13
IGU,13
URD,13
SWA,13
PAC,13
CAP,13
RUE,13
SNE,13
IVA,13
TIB,13
GAY,13
OLA,13
DOI,13
MEW,13
TUO,13
KLE,13
ADS,13
ODU,13
PUS,13
EDL,13
IRD,13
NYH,13
YHO,13
UBL,13
NLI,13
APT,13
FAN,13
ETR,13
MEE,13
EON,13
KIS,13
TAX,13
ATO,13
BAT,13
RSA,13
IER,13
YER,13
NFA,13
USP,13
GNE,12
NIF,12
KES,12
RAM,12
AMS,12
FTY,12
REF,12
AGR,12
IGI,12
HBO,12
VIE,12
VOL,12
RMO,12
PHE,12
CRU,12
MMI,12
DOL,12
POW,12
AVO,12
TFU,12
CIL,12
IOR,12
HTL,12
SAD,12
ENN,12
WNE,12
SOF,12
ULO,12
THU,12
NCT,12
OBO,12
SMO,12
OBS,12
SCU,12
LEB,12
EAP,12
CKI,12
NSU,12
AXI,12
LID,12
EAG,12
CIG,12
HOE,12
AZE,12
JAY,12
DUR,12
CKS,12
EWA,12
ILO,12
LAZ,12
ECR,11
UTU,11
MPS,11
DIG,11
XTR,11
NAR,11
ITU,11
DUA,11
OYE,11
RYB,11
MUT,11
NGA,11
LEC,11
EMI,11
PHY,11
ETU,11
GUL,11
ICU,11
TIA,11
OXI,11
LIO,11
CCO,11
VOR,11
BUL,11
FIL,11
OTS,11
NKE,11
ABR,11
SNA,11
NSC,11
TUN,11
ASL,11
LSE,11
BEY,11
EYO,11
EKS,11
RUT,11
PIR,11
ILV,11
BAD,11
ASP,11
ETA,11
IBR,11
LAM,11
PAG,11
OGR,11
POC,11
ETC,11
UIE,11
TAS,11
NET,11
UIL,11
RTM,11
IRI,11
PST,11
PUR,11
FUR,11
EBR,11
AMB,11
EGU,11
FEU,11
RCU,11
DIR,11
ADA,11
YST,11
DEW,11
ATZ,11
UEN,10
RSH,10
UMA,10
USA,10
LAB,10
NAB,10
DIT,10
ESC,10
UAT,10
NJO,10
JOY,10
AGG,10
IRM,10
WRO,10
YAR,10
SEM,10
ILA,10
UPE,10
FFA,10
ARB,10
ACI,10
USK,10
HIP,10
NAP,10
IBU,10
BAB,10
NGU,10
DIC,10
FAD,10
POK,10
CTL,10
EXA,10
AZI,10
PPA,10
CCI,10
IBE,10
SWO,10
EIV,10
EBU,10
ULI,10
POT,10
GHO,10
LUR,10
OLV,10
NUM,10
MMO,10
ODE,10
DOR,10
BIN,10
XCL,10
MUL,10
RUB,10
OBI,10
AUF,10
MBA,10
SAR,10
DDR,10
SIX,10
MEL,10
HAK,10
EWE,10
WSP,10
STY,10
CHU,10
GIC,10
BBE,10
TAG,9
UNU,9
USU,9
TTA,9
AFR,9
SNO,9
PSE,9
EOU,9
TIT,9
ADU,9
ORO,9
SCH,9
VAR,9
EMN,9
RFE,9
PET,9
RHE,9
GUR,9
SAV,9
UNR,9
URB,9
NIA,9
JUM,9
HIF,9
NKS,9
TTO,9
EPL,9
BSE,9
SIR,9
ERO,9
UCE,9
REU,9
EUP,9
AUD,9
NOC,9
NKL,9
SHR,9
BAS,9
SOO,9
SUE,9
GAG,9
AGU,9
RUM,9
RKN,9
JOI,9
MOK,9
TAU,9
FEN,9
PLU,9
COP,9
CAB,9
LAV,9
GGL,9
BUY,9
APH,9
ISK,9
KIT,9
TUD,9
RAY,9
AIM,9
RDL,9
IPE,9
AGN,9
AWI,9
AVA,9
VAS,9
UMS,9
SSO,9
OBL,9
GUN,9
NGR,9
MEO,9
LTE,9
SKI,9
GNA,9
ODB,9
DBY,9
BYE,9
TNE,9
KLI,9
UNL,9
IXE,9
XED,9
INL,9
LOX,9
IZI,8
FID,8
REQ,8
OBV,8
BVI,8
HLY,8
XCU,8
RSI,8
EPR,8
UCC,8
BST,8
CIV,8
TOD,8
EFE,8
NTU,8
ENJ,8
WID,8
DOM,8
STM,8
ENA,8
BAY,8
NON,8
HIO,8
IZA,8
AMA,8
RGI,8
FTI,8
FLE,8
OPI,8
OCI,8
ETY,8
PTL,8
LEW,8
PPL,8
NCY,8
ECH,8
WRE,8
AMN,8
COC,8
CKT,8
KTA,8
CKW,8
OCA,8
PTU,8
RPL,8
RVO,8
VOU,8
ROF,8
SIA,8
THL,8
HLE,8
EVO,8
UBJ,8
UIN,8
IFU,8
ASY,8
RIM,8
OUI,8
PTO,8
GUS,8
LRO,8
IDG,8
AUR,8
BOW,8
OSP,8
OPR,8
RKS,8
DAL,8
EDR,8
WEV,8
IMO,8
ILK,8
ORB,8
CHR,8
PIL,8
NIZ,8
SME,8
JUN,8
JAM,8
MEY,8
ILT,8
FFL,8
YAC,8
CHT,8
DVA,7
MMU,7
HAB,7
ABI,7
CUP,7
OBB,7
GOR,7
MAC,7
NEN,7
ODA,7
OIL,7
CIP,7
OOS,7
CTR,7
LPL,7
IDA,7
ITO,7
EPA,7
UGE,7
HME,7
OAC,7
NRE,7
GAM,7
IDI,7
HID,7
UEL,7
NIO,7
SHU,7
RBE,7
MNE,7
IAG,7
KWA,7
CAD,7
AWE,7
PHA,7
PES,7
IAS,7
DEV,7
OID,7
TLI,7
CTS,7
WIC,7
URO,7
GAZ,7
UNP,7
ISV,7
SVI,7
UMO,7
LEY,7
MLY,7
BOV,7
ASM,7
UTY,7
JUL,7
TAP,7
RPO,7
EDS,7
BOX,7
IUM,7
MPH,7
HOC,7
RGU,7
RER,7
NVA,7
EWI,7
MOB,7
PLO,7
NYB,7
OBA,7
SOB,7
RCL,7
RTU,7
PPY,7
RBA,7
VIV,7
ERK,7
COF,7
JER,7
OPO,7
CRY,7
LDS,7
HRA,7
PSP,7
JEW,7
SPL,7
GRI,6
BBI,6
BIR,6
NDU,6
UMN,6
KEL,6
TUT,6
DWA,6
BUN,6
GAL,6
EDO,6
LTH,6
EPI,6
SEP,6
FLY,6
NHA,6
RLO,6
IEW,6
NIE,6
FIA,6
OSY,6
GIL,6
EDD,6
EIL,6
LOG,6
PEE,6
ABY,6
API,6
PID,6
LYI,6
PEL,6
IDL,6
ULK,6
NUA,6
OFO,6
DNE,6
HET,6
LDR,6
COH,6
LPE,6
HTI,6
TOS,6
EPP,6
ESQ,6
EYS,6
AWL,6
BSC,6
DUM,6
OPU,6
SAU,6
BUI,6
WIP,6
ULY,6
ORP,6
GOE,6
ETL,6
OPY,6
MOD,6
IVO,6
RSU,6
UCI,6
MBI,6
DVE,6
FIS,6
RDO,6
UBB,6
TMA,6
UDY,6
ODI,6
RUL,6
CUM,6
MST,6
RUC,6
EHE,6
WLE,6
NSP,6
ASC,6
OBE,6
ACY,6
TTR,6
OGN,6
TEV,6
AIG,6
AFE,6
ISO,6
OTA,6
ISF,6
IDS,6
AED,6
LOD,6
ROR,6
PHR,6
IGE,6
INY,6
OGG,6
FIX,6
EPO,6
MMY,6
DAW,6
NUS,5
JUD,5
GME,5
VET,5
RVI,5
BIS,5
SHL,5
IFO,5
IOT,5
UNA,5
SSF,5
SFU,5
RAO,5
AOR,5
NIV,5
NGT,5
DAS,5
PIG,5
XTE,5
IOS,5
GGS,5
RPE,5
EEZ,5
EZE,5
RBL,5
WIM,5
INH,5
SHM,5
THY,5
MPI,5
RCI,5
GRU,5
SOC,5
PUN,5
AJA,5
HUT,5
APO,5
HOV,5
ECS,5
CST,5
NOY,5
YWH,5
HUL,5
OPS,5
OHE,5
VIG,5
GIB,5
EDA,5
WOK,5
NUR,5
OPH,5
PHI,5
NPL,5
FTL,5
HTN,5
LDL,5
DEP,5
BBL,5
PUM,5
CCA,5
WAG,5
POP,5
SHH,5
HHE,5
HEO,5
AYB,5
YBE,5
AWF,5
WFU,5
WRI,5
COS,5
XIO,5
YEB,5
RAK,5
NNU,5
OIS,5
SSN,5
ELM,5
RIU,5
EMS,5
LTA,5
POU,5
SAG,5
DNI,5
USS,5
AMM,5
RUI,5
ANV,5
RLE,5
QUO,5
OMB,5
RHY,5
HYT,5
THM,5
ONO,5
MAJ,5
GRY,5
SSM,5
ROI,5
RMY,5
IEL,5
HNE,5
AZZ,5
REH,5
NSA,5
JAU,5
PIA,5
WIV,5
ALU,5
UMI,5
COG,5
HRU,5
UTA,5
AUL,5
TOE,5
SEY,5
SFA,5
UNH,5
DDY,5
AHE,5
IRA,5
EBA,5
UGA,5
BAE,5
DEK,5
EKE,5
GID,5
XES,5
PAY,5
SUL,5
ERD,5
FUT,5
LTI,5
LTY,5
MIX,5
JIM,5
VUL,4
LNE,4
DVI,4
MUN,4
UDG,4
TEC,4
NSO,4
UNM,4
KAB,4
RIZ,4
GIA,4
EXE,4
UNB,4
ABB,4
HTY,4
AKF,4
KFA,4
NSH,4
YAL,4
MBU,4
UEE,4
HUG,4
ACU,4
LAK,4
LKS,4
RUF,4
CAK,4
GTH,4
EXH,4
IBI,4
SUF,4
GEM,4
MPU,4
ULS,4
NYW,4
YAW,4
ETO,4
WNI,4
TUF,4
SEI,4
DIB,4
FTH,4
EAF,4
XAC,4
MSO,4
NNS,4
OLS,4
OGS,4
ILR,4
WLS,4
EXI,4
ACQ,4
CQU,4
UAI,4
ELB,4
LBO,4
RKI,4
TFO,4
FON,4
ENU,4
ADW,4
CUI,4
NME,4
CTF,4
RBI,4
ECL,4
ESU,4
TWA,4
GUM,4
IMU,4
NEO,4
GNS,4
LIQ,4
IQU,4
UOR,4
GAU,4
MEH,4
EHO,4
EAB,4
MAZ,4
SLU,4
ELC,4
LCO,4
MUM,4
IXT,4
HIV,4
UPL,4
RGR,4
RYS,4
ARV,4
XAM,4
EDN,4
IAB,4
JAZ,4
VAC,4
HYD,4
YDR,4
YMP,4
PIS,4
CEF,4
ZZL,4
ATR,4
RNS,4
SAF,4
UNW,4
NWI,4
OTL,4
PTY,4
TOB,4
FAU,4
OXE,4
RWH,4
UCA,4
AJO,4
NIL,4
GSF,4
SFO,4
AZA,4
DIL,4
RUD,4
VAB,4
ESK,4
SHN,4
NAD,4
VAD,4
WRA,4
EEI,4
DRY,4
IPT,4
ANX,4
NXI,4
OMF,4
MFO,4
OYS,4
ULN,3
SEQ,3
REO,3
NMI,3
AKA,3
OAS,3
WAK,3
UKE,3
UBS,3
BOI,3
IPA,3
EUT,3
GHL,3
UID,3
NFE,3
RGA,3
NAS,3
DUE,3
ERP,3
BIZ,3
ZAR,3
NDY,3
NAI,3
STF,3
RBU,3
EFL,3
RDY,3
ROG,3
GGR,3
FEM,3
USC,3
SCL,3
USN,3
GUT,3
BUM,3
NLE,3
BSU,3
EEC,3
DGI,3
ZAT,3
ICS,3
EIZ,3
XCH,3
LTO,3
UTD,3
TDO,3
AGM,3
DAT,3
CYN,3
YNI,3
ABA,3
WEP,3
SOP,3
NFL,3
LHO,3
NIB,3
IBB,3
OOF,3
ILH,3
NVO,3
PAD,3
SMS,3
ACL,3
XIS,3
OCU,3
OEV,3
IPI,3
DSO,3
VIA,3
TST,3
SUO,3
FUM,3
COW,3
BTF,3
IGG,3
NTM,3
BTE,3
CKY,3
VOT,3
REJ,3
AUK,3
NEP,3
HEW,3
IGO,3
FIT,3
NDK,3
DKE,3
DAZ,3
OAM,3
TOI,3
FRU,3
IGS,3
URK,3
BEW,3
SIE,3
ZES,3
AMU,3
GOW,3
XTY,3
ONY,3
GUA,3
TEF,3
OAK,3
FAV,3
WAM,3
TOF,3
TET,3
INO,3
UPI,3
SYM,3
ADL,3
LLU,3
UMU,3
ZLE,3
LML,3
URV,3
ESM,3
ACA,3
LUB,3
OIT,3
NHE,3
PIO,3
ITN,3
RSP,3
BTL,3
NBE,3
ERB,3
YSS,3
DIO,3
EPU,3
RML,3
HOK,3
XTI,3
UBI,3
BIE,3
LRY,3
HBA,3
AYL,3
EGT,3
GTI,3
EAH,3
JAI,3
NOP,3
BAG,3
DEB,3
POM,3
PTA,3
JOU,3
HFU,3
LMI,3
WEI,3
RKL,3
ODO,3
RTO,3
XER,3
MUF,3
UDS,3
MMA,3
MBR,3
SAC,3
KAY,3
SEB,3
TUC,3
ALC,3
IMB,3
IDO,3
DAD,3
BID,3
GEL,3
WAD,3
OED,3
IZZ,3
DGM,2
IVY,2
EFS,2
NKN,2
FEI,2
UPA,2
UIV,2
NBR,2
DUK,2
CCL,2
RDW,2
URY,2
TEU,2
IGR,2
RDB,2
DBO,2
ISD,2
TOV,2
THF,2
ORH,2
RHO,2
ESY,2
JUT,2
SPH,2
OVA,2
NOM,2
ROX,2
XIM,2
OTB,2
TBA,2
EGS,2
OGA,2
PAB,2
VEY,2
TID,2
LEL,2
JAR,2
OGY,2
TOT,2
XHI,2
AWS,2
OFA,2
HEC,2
CIM,2
UNO,2
OBT,2
BTR,2
FES,2
RKY,2
DDA,2
UBM,2
BME,2
HTF,2
RMT,2
MTH,2
DAU,2
RYW,2
IRK,2
HEV,2
GOS,2
SIP,2
PUB,2
EGO,2
ADH,2
DHO,2
OFS,2
OUE,2
UET,2
LEI,2
ISU,2
UNQ,2
IML,2
GHA,2
SOE,2
GUO,2
NPR,2
JOV,2
VEI,2
ATF,2
HOI,2
UPH,2
LST,2
OHN,2
SWU,2
WUN,2
PUP,2
MEC,2
NLA,2
AUC,2
ANW,2
NWH,2
HAZ,2
BOB,2
JIN,2
RYO,2
XPA,2
LVI,2
NOI,2
EBE,2
EJE,2
FEA,2
GYP,2
JAN,2
NDW,2
DWI,2
STW,2
XHA,2
UBW,2
BWA,2
AWO,2
RWE,2
NSY,2
SYL,2
YLV,2
LVA,2
RAF,2
AQU,2
ATA,2
FOA,2
OMN,2
ULP,2
RTN,2
TOC,2
MBO,2
SAX,2
AXO,2
XOP,2
HAW,2
OPA,2
LOY,2
CKA,2
DEG,2
OLY,2
IDU,2
ANJ,2
OWH,2
VLA,2
WOO,2
ORU,2
YRI,2
YWA,2
HIZ,2
SPU,2
DLI,2
LTU,2
CHM,2
BYS,2
WAU,2
DSU,2
RWI,2
RKM,2
KME,2
VIR,2
OLT,2
OSO,2
HRY,2
DGA,2
COT,2
RBO,2
JAC,2
IPL,2
LYS,2
LUG,2
CEC,2
ROE,2
CKH,2
CHW,2
HWA,2
TZE,2
MCC,2
ATL,2
LDO,2
JON,2
LIL,2
KWE,2
LCH,2
ENR,2
NRY,2
LME,2
ALB,2
GIO,2
DSH,2
NAG,2
IEU,2
GOV,2
RNM,2
ICO,2
OUV,2
UVE,2
NIR,2
UAD,2
OAF,2
AFI,2
JUG,2
CYC,2
YCL,2
GSI,2
WTH,2
LUX,2
UXU,2
XUR,2
KAT,2
TSP,2
CUF,2
MNL,2
DST,2
YLO,2
MAB,2
LBA,2
TUL,2
SOA,2
UGU,2
EOV,2
COI,2
USY,2
RNF,2
SHY,2
SOG,2
GGY,2
NHO,2
CHF,2
LPI,2
NOV,2
FAB,2
KAN,2
IOD,2
AXE,2
EXU,2
XUL,2
UDA,2
OLR,2
PAJ,2
RTR,2
URF,2
RFA,2
NEB,2
ADJ,2
DJU,2
FEV,2
VEA,2
DAB,2
PIP,2
UOL,2
LOM,2
ULG,2
LGA,2
WSI,2
IRY,2
SOT,2
BOS,2
NTN,2
HAF,2
PEB,2
EBB,2
LTZ,2
NCA,2
NIM,2
GST,2
RTW,2
GHI,2
OWY,2
EDY,2
LOP,2
HUF,2
ZAB,2
DIU,2
ISQ,2
NRO,2
LLR,2
TUP,2
RFL,2
ANL,2
UTC,2
UEA,2
GAD,2
AWK,2
DAP,2
ELR,2
CIZ,1
ABN,1
BNO,1
UNJ,1
NJU,1
EOC,1
IZO,1
ZON,1
NEQ,1
XEM,1
NAF,1
GIS,1
THQ,1
HQU,1
UAK,1
BBY,1
GIF,1
LEU,1
EUC,1
NDF,1
DFA,1
ESA,1
GTO,1
DOD,1
ODG,1
SDO,1
HFI,1
MAE,1
AEC,1
RNY,1
NYA,1
SIZ,1
RFI,1
MAX,1
EKI,1
SNU,1
NUB,1
LLW,1
AGS,1
BUO,1
UOY,1
UGS,1
ALY,1
LYZ,1
YZE,1
HIB,1
LSI,1
IPR,1
KNU,1
NUC,1
KID,1
APK,1
PKI,1
UBD,1
BDU,1
CUN,1
EEB,1
EBL,1
STC,1
AVU,1
VUR,1
RLH,1
ISG,1
SGU,1
PEP,1
EIS,1
EAW,1
IMN,1
GIG,1
NDN,1
AWB,1
WBR,1
ITL,1
NAE,1
AEM,1
CET,1
WNY,1
JOH,1
KEF,1
LEX,1
LKY,1
GNM,1
EKB,1
KBO,1
RKA,1
PIV,1
OKY,1
TUS,1
RDT,1
SDA,1
HEF,1
KAI,1
LHE,1
YPP,1
KYK,1
YKE,1
ECY,1
ICL,1
RTF,1
UAP,1
APL,1
ROY,1
OYC,1
YCE,1
MNI,1
BUG,1
MOP,1
PYR,1
YRA,1
ALV,1
JUI,1
TNI,1
RPS,1
BUF,1
FET,1
OEU,1
EUV,1
UVR,1
VRE,1
LEQ,1
ITF,1
BOE,1
ICC,1
OYO,1
YPS,1
PSI,1
LDA,1
EHA,1
AJE,1
JES,1
DOT,1
VEH,1
NNA,1
DYE,1
KAG,1
OIR,1
SPY,1
YIE,1
MOG,1
OSC,1
EMM,1
OKC,1
KCA,1
GHN,1
CUO,1
JOE,1
WDY,1
OVO,1
VOC,1
OYI,1
LUL,1
INM,1
EJU,1
EJO,1
RPU,1
CKG,1
KGR,1
LAL,1
GIE,1
PYI,1
YIS,1
AYF,1
YFU,1
RHU,1
UAN,1
LYR,1
UAV,1
NKY,1
IVU,1
IAM,1
AYW,1
LFI,1
KIC,1
GOU,1
OGI,1
GIZ,1
LPH,1
HIA,1
PUZ,1
UZZ,1
PAW,1
UPW,1
PWA,1
WAF,1
MIE,1
LOI,1
OIG,1
JOK,1
ARW,1
EWD,1
NCU,1
NGN,1
FUG,1
SFY,1
TUE,1
VON,1
ENB,1
NBU,1
TEG,1
WEB,1
EBS,1
RNB,1
CKB,1
KBU,1
GOA,1
HUB,1
UBE,1
AUE,1
UER,1
KNI,1
BOC,1
RAE,1
KSO,1
SHG,1
HGU,1
TEB,1
BAI,1
MAU,1
ULR,1
DYS,1
OEB,1
OEN,1
EWT,1
WTO,1
ILM,1
LMS,1
KHA,1
CLY,1
LYD,1
YDE,1
RTZ,1
BEM,1
RGS,1
OFI,1
AIZ,1
NAV,1
KHY,1
LEH,1
NAH,1
AHA,1
JAQ,1
LBR,1
KSB,1
SBU,1
HAA,1
AAG,1
ITZ,1
SHB,1
MLE,1
ATB,1
TBO,1
BYR,1
RAJ,1
JAH,1
ADB,1
DBA,1
VOK,1
AWD,1
WDU,1
GAP,1
ADR,1
KIM,1
BBO,1
REX,1
RCA,1
ZER,1
PTH,1
NAW,1
CTN,1
COB,1
LFA,1
NSB,1
SBO,1
YOL,1
OLK,1
OWT,1
MNA,1
ESB,1
BYT,1
YTE,1
NYM,1
PHS,1
YLI,1
JUX,1
UXT,1
XTA,1
ATM,1
TMO,1
CAC,1
TSW,1
MOL,1
EEV,1
RGL,1
KIR,1
FAY,1
DAG,1
AUX,1
NYO,1
FEB,1
RUA,1
ONK,1
TUB,1
OAP,1
APR,1
AUV,1
UVI,1
EIK,1
RLI,1
DIP,1
DSI,1
HYI,1
GGI,1
MOW,1
ENH,1
SEW,1
CKR,1
KRE,1
PUD,1
RAU,1
ONP,1
IAC,1
LMN,1
MUD,1
RFS,1
EUD,1
ONQ,1
AWT,1
EUS,1
UPB,1
PBO,1
RWO,1
UYS,1
NOG,1
AMY,1
HUE,1
DAK,1
AKO,1
KOT,1
CIF,1
IRG,1
GNO,1
RPT,1
NEF,1
LAF,1
YUK,1
UKO,1
KON,1
OBU,1
MIF,1
AKN,1
ULU,1
TEW,1
KIP,1
BAU,1
GAC,1
RCO,1
OFU,1
FOX,1
PSY,1
OOP,1
UAB,1
FED,1
EYI,1
EWL,1
HMI,1
ALN,1
LCU,1
NWA,1
XAL,1
THP,1
HPI,1
FFR,1
OYA,1
YAN,1
HYL,1
YLY,1
PAM,1
CYM,1
YMB,1
GEA,1
LPF,1
PFU,1
MEX,1
XIC,1
JEA,1
SYG,1
YGO,1
NAK,1
BAF,1
IFL,1
IXI,1
XIN,1
LSS,1
SOH,1
RMN,1
RGY,1
GYM,1
YMA,1
TAV,1
KAP,1
FOC,1
OHO,1
ENY,1
NYI,1
LIR,1
THD,1
HDA,1
NAC,1
REI,1
ZIL,1
EEA,1
MOA,1
XPO,1
RCY,1
FFN,1
FNE,1
UPR,1
UCU,1
STN,1
FOG,1
AVY,1
DEJ,1
PAV,1
TLA,1
ANZ,1
NZA,1
CKN,1
VIB,1
UPU,1
KIE,1
ANQ,1
DYI,1
CAH,1
AHO,1
UOT,1
XAS,1
MSY,1
HUD,1
PNE,1
NEU,1
EUM,1
TUI,1
RPH,1
HTM,1
ASQ,1
GGA,1
NMO,1
NLO,1
TOK,1
LUO,1
AGL,1
UAW,1
STP,1
TPO,1
NUO,1
NPU,1
ENW,1
ICN,1
CNI,1
EJA,1
HUH,1
TIK,1
IKA,1
VAI,1
OSA,1
JOB,1
ULB,1
IDY,1
MBB,1
IPH,1
KEI,1
HOG,1
ROZ,1
ILW,1
DWE,1
WLI,1
OHI,1
WKW,1
DIZ,1
ZZY,1
KLA,1
ZLI,1
ILU,1
DUT,1
AES,1
STH,1
